[
    {
        "namespace": "content",
        "type": "cars",
        "filename": "mercedes_w125_v0.92b.zip",
        "ext": ".zip",
        "basename": "mercedes_w125_v0.92b",
        "urlpath": "http://34.142.46.24:4645/assets/gtSpec/content/mercedes_w125_v0.92b.zip",
        "path": "E:\\Steam\\steamapps\\common\\assettocorsa\\content\\cars\\mercedes_w125_v0.92b.zip"
    },
    {
        "namespace": "content",
        "type": "cars",
        "filename": "ks_mercedes_c9.zip",
        "ext": ".zip",
        "basename": "ks_mercedes_c9",
        "urlpath": "http://34.142.46.24:4645/assets/gtSpec/content/ks_mercedes_c9.zip",
        "path": "E:\\Steam\\steamapps\\common\\assettocorsa\\content\\cars\\ks_mercedes_c9.zip"
    },
    {
        "namespace": "content",
        "type": "cars",
        "filename": "gt4_aston_martin_vantage.zip",
        "ext": ".zip",
        "basename": "gt4_aston_martin_vantage",
        "urlpath": "http://34.142.46.24:4645/assets/flSpec/content/gt4_aston_martin_vantage.zip",
        "path": "E:\\Steam\\steamapps\\common\\assettocorsa\\content\\cars\\gt4_aston_martin_vantage.zip"
    },
    {
        "namespace": "content",
        "type": "cars",
        "filename": "tmm_cupra_tcr_2020_1.2.zip",
        "ext": ".zip",
        "basename": "tmm_cupra_tcr_2020_1.2",
        "urlpath": "http://34.142.46.24:4645/assets/gtSpec/content/tmm_cupra_tcr_2020_1.2.zip",
        "path": "E:\\Steam\\steamapps\\common\\assettocorsa\\content\\cars\\tmm_cupra_tcr_2020_1.2.zip"
    },
    {
        "namespace": "content",
        "type": "cars",
        "filename": "honda_prelude_88_095.zip",
        "ext": ".zip",
        "basename": "honda_prelude_88_095",
        "urlpath": "http://34.142.46.24:4645/assets/gtSpec/content/honda_prelude_88_095.zip",
        "path": "E:\\Steam\\steamapps\\common\\assettocorsa\\content\\cars\\honda_prelude_88_095.zip"
    },
    {
        "namespace": "content",
        "type": "cars",
        "filename": "ferrari_599xxevo.zip",
        "ext": ".zip",
        "basename": "ferrari_599xxevo",
        "urlpath": "http://34.142.46.24:4645/assets/cSpec/content/ferrari_599xxevo.zip",
        "path": "E:\\Steam\\steamapps\\common\\assettocorsa\\content\\cars\\ferrari_599xxevo.zip"
    },
    {
        "namespace": "content",
        "type": "cars",
        "filename": "dj_ford_spec_racer_gen2.zip",
        "ext": ".zip",
        "basename": "dj_ford_spec_racer_gen2",
        "urlpath": "http://34.142.46.24:4645/assets/gtSpec/content/dj_ford_spec_racer_gen2.zip",
        "path": "E:\\Steam\\steamapps\\common\\assettocorsa\\content\\cars\\dj_ford_spec_racer_gen2.zip"
    }
]